Edicion,Brebe descripcion,Cartel,Descarga el cartel,Descarga Catalogo,Programacion,HOMENAJES / INVITADOS ESPECIALES,IGNITE SESSIONS,PANELES,PREMIOS
"EDICIÓN 2024
4 AL 8 DICIEMBRE","El 2024 marcó el regreso del Festival Internacional de Cine de Los Cabos, después de una pausa obligada en su edición 2023. Enmarcado bajo el concepto Encuentros de cine, el Festival expandió sus horizontes hacia San José del Cabo, en nuevas sedes como Crania, el Jardín Escultórico Puerto Los Cabos, Hotel El Ganzo, Plaza Mijares, además de tener actividades en Cinemex Puerto Paraíso, en Cabo San Lucas. Fue una edición con un enfoque especial en el cine nacional a través del programa Encuadres Mexicanos, que incluyó la programación de once largometrajes de reciente producción, así como la presentación de dos conversatorios:  México: un cine sin fronteras y De la sala de cine al bolsillo: audiencias, pantallas y accesibilidad en la era digital, y el Taller de Desarrollo de Proyectos para Realizadores de Baja California Sur en apoyo a creadores audiovisuales de la región. Este año el Fondo Fílmico Gabriel Figueroa apoyó a primeras y segundas películas y se le dio continuidad al ciclo de cine gratuito La Baja Inspira Itinerante, que durante el año recorrió Cabo San Lucas, Ciudad Insurgentes, El Triunfo, Guerrero Negro, La Paz, Loreto, San José del Cabo, Todos Santos, Tijuana y Mexicali.","https://static.wixstatic.com/media/589d69_35588de52248466c934a83761821f02d~mv2.jpg/v1/fill/w_708,h_1044,al_c,q_85,usm_0.66_1.00_0.01,enc_avif,quality_auto/Poster-70x100.jpg",https://drive.google.com/file/d/1tXYcBf8gqXUqHu12jycLgBqwqwHY5DQP/view?usp=sharing,https://www.ficloscabos.org/_files/ugd/589d69_85362e90726047b4992c881da92100bf.pdf,"ENCUADRES MEXICANOS
Animal / Humano  |  Dir. Alessandro Pugno   |   España, Italia, México

Corina   |   Dir. Urzula Barba Hopfner   |   México

El Jockey   |   Dir. Luis Ortega   |   Argentina, México, España, Dinamarca, Estados Unidos

El ladrón de perros   |   Dir. Vinko Tomičić   |   Bolivia, Chile, México, Ecuador, Francia, Italia

No nos moverán   |   Dir. Pierre Saint-Martin   |   México

Nómadas de la 57   |   Dir. Alberto Arnaut Estrada, José María Castro Ibarra   |   México

La Raya   |   Dir. Yolanda Cruz   |   México

Sujo   |   Dir. Astrid Rondero, Fernanda Valadez   |   Estados Unidos, México, Francia

Tesis sobre una domesticación   |   Dir. Javier Van De Couter   | Argentina, México

Un cuento de pescadores   |   Dir. Edgar Nito   |   México

Una historia de amor y guerra   |   Dir. Santiago Mohar Volkow   |   México, 2024

MOVIE NIGHT
Limonov: The Ballad of Eddie   |   Dir. Kirill Serebrennikov   |   Italia, Francia   |   España

INAGURACIÓN
Better Man   |   Dir. Michael Gracey   |   Estados Unidos, Australia, Reino Unido, Suiza, China

CLAUSURA
Maria   |   Dir. Pablo Larraín   |   Italia, Alemania, Chile, Estados Unidos","PREMIO SIN FRONTERAS A MELISSA BARRERA

El Festival Internacional de Cine de Los Cabos otorgó en su Ceremonia de Clausura el Premio Sin Fronteras a la actriz mexicana Melissa Barrera, quien después de dar sus primeros pasos en la película Dos veces tú y la serie Club de Cuervos, dio el salto a la escena global con su interpretación de Vanessa en In the Heights. También participó en el reboot de la icónica saga Scream, papel que la posicionó como una de las figuras femeninas más destacadas en la representación de la cultura latina en la industria cinematográfica internacional. Barrera también destaca por su trabajo en Vida, Abigail y su más reciente filme, Your Monster.

PREMIO SIN FRONTERAS A MANUEL GARCÍA RULFO
Por su versatilidad actoral y su contribución al posicionamiento del talento mexicano en producciones internacionales, el Festival Internacional de Cine de Los Cabos reconoció al actor mexicano Manuel García Rulfo con el Premio Sin Fronteras. Rulfo es uno de los actores más versátiles de su generación que ha brillado en proyectos que van desde el cine mexicano independiente hasta grandes producciones de Hollywood.  Su participación en películas como The Magnificent Seven (2016), dirigida por Antoine Fuqua, A Man Called Otto, al lado de Tom Hanks, Dos estaciones (2022) y Una historia de amor y guerra (2024), así como su colaboración con renombrados directores como Kenneth Branagh, resaltan su capacidad para interpretar personajes complejos en narrativas de gran alcance.",/,\,"PREMIOS FONDO FÍLMICO GABRIEL FIGUEROA

Donde la vida se contempla, todo está sumergido   |   Dir. Irving Uribe Nares

PREMIO SHALALA
El último rey   |   Dir. Víctor Checa

MENCIÓN ESPECIAL SHALALA
Salvatierra    |   Dir. Santiago Raphael Priego y Gabriele Licchelli

PREMIO CTT EXP & RENTALS
Salvatierra    |   Dir. Santiago Raphael Priego y Gabriele Licchelli

PREMIO CINECOLOR
Lux Noctis    |   Dir. Damiana Acuña"
"EDICIÓN 2022
9 AL 13 NOVIEMBRE","En su decimoprimera edición el Festival Internacional de Cine de Los Cabos regreso a los espacios físicos a través de la inigualable experiencia colectiva que nos ofrece el cine. Este año presentamos una programación imperdible que la audiencia pudo disfrutar en las salas de Cinemex Puerto Paraíso, así como en otros espacios al aire libre: Once Once y la Plaza Cívica de la Comunidad de La Playa. En el marco del Festival se entregó el Premio Sin Fronteras al actor mexicano Tenoch Huerta, y se otorgó el reconocimiento Mujeres Fantásticas a la actriz y productora Karla Souza. Esta edición también festejamos el regreso de nuestras actividades de Industria a una edición cien por ciento presencial, a través de tres programas principales: el Fondo Fílmico Gabriel Figueroa, el Meet-Mart y un Programa de paneles: Nuevas señales de cine e Historias efímeras: el cine ante las nuevas audiencias. Además,  este año como seguimiento a los estrenos de películas nacionales que han formado parte del Fondo Fílmico Gabriel Figueroa, se suma una nueva sección: Encuadres Mexicanos.","https://static.wixstatic.com/media/589d69_5a30332cd9a94c03bb535ed1ae8a9469~mv2.png/v1/fill/w_522,h_772,al_c,q_90,usm_0.66_1.00_0.01,enc_avif,quality_auto/2022.png",https://drive.google.com/file/d/1oNKyt0I91O-FTF-pPGIbJ_R6alQnEzF9/view?usp=sharing,https://www.ficloscabos.org/_files/ugd/589d69_ebb07096d2b24155a61e03b8b7ebdee2.pdf,"SELECCIÓN OFICIAL - COMPETENCIA LOS CABOS

Blanquita | Dir. Fernando Guzzoni | Chile, México, Luxemburgo, Francia, Polonia

El suplente | Dir. Diego Lerman | Argentina, Italia, Francia, España, México

Falcon Lake | Dir. Charlotte Le Bon | Canadá-Quebec, Francia

I Love My Dad | Dir. James Morosini | Estados Unidos

Runner | Dir. Marian Mathias | Estados Unidos, Francia, Alemania

The Origin of Evil | Dir. Sébastien Marnier | Francia, Canadá

Viking | Dir. Stéphane Lafleur | Canadá 

 

SELECCIÓN OFICIAL - LA BAJA INSPIRA EN COMPETENCIA

Algún día caerá | Dir. Mateo Vargas | México

Ir y volver | Dir. José Permar | México, Bélgica, Hungría

Por los viejos tiempos | Dir. Paula Natalia de Anda Vargas | México  

 

LA BAJA INSPIRA FUERA DE COMPETENCIA

Amores incompletos | Dir. Gilberto Gónzalez Penilla | México

Las rutas de Harry Crosby | Dir. Isaac Artenstein | Estados Unidos

 

GALAS

The Whale (La ballena) | Dir. Darren Aronofsky | Estados Unidos

Women Talking* | Dir. Sarah Polley | Estados Unidos

​

PREMIO SIN FRONTERAS A TENOCH HUERTA

Días de gracia | Dir. Everardo Gout | México

Güeros | Dir. Alonso Ruizpalacios | México​

 

HerSTORY

She Said | (Ella dijo) | Dir. Maria Schrader | Estados Unidos

One Fine Morning | Dir. Mia Hansen-Løve | Francia, Reino Unido, Alemania

Sanctuary | Dir. Zachary Wigon | Estados Unidos

Women Talking (Ellas hablan) | Dir. Sarah Polley | Estados Unidos

WORLD HIGHLIGHTS 

As Bestas | Dir. Rodrigo Sorogoyen | España, Francia

Holy Spider | Dir. Ali Abbasi | Dinamarca, Alemania, Suiza, Francia

The Banshees of Inisherin (Los espíritus de la isla) | Dir. Martin McDonagh | Irlanda, Reino Unido, Estados Unidos

No Bears | Dir. Jafar Panahi | Irán

Peter von Kant | Dir. Francois Ozon | Francia 

 

GREEN 

All that Breathes | Dir. Shaunak Sen | Reino Unido, India, Estados Unidos

Elephant Mother | Dir. Jez Lewis | Reino Unido

Patrick and the Whale | Dir. Mark Fletcher | Austria

 

AFTER DARK

Hatching (Cría siniestra) | Dir. Hanna Bergholm | Finlandia

Bones and All (Hasta los huesos) | Dir. Luca Guadagnino | Italia, Reino Unido

Nanny | Dir. Nikyatu Jusu | Estados Unidos

Sick of Myself | Dir. Kristoffer Borgli | Noruega, Suiza

 

ENCUADRES MEXICANOS

Home is Somewhere Else | Dir. Carlos Hagerman y Jorge Villalobos | México, Estados Unidos

El reino de Dios | Dir. Claudia Sainte-Luce | México

La caída | Dir. Lucía Puenzo | México​

 

PRESENTACIONES ESPECIALES

Corazonada. La leyenda del Mexican Dream | Dir. J.M. Cravioto | México

La recua | Dir. Trudi Angell y Darío Higuera Meza | México, Estados Unidos","RECONOCIMIENTO MUJERES FANTÁSTICAS A KARLA SOUZA

​

Actriz y productora mexicana. Este año dimos continuidad a la iniciativa Mujeres Fantásticas, acción con la que impulsamos el reconocimiento y visibilidad del trabajo de las mujeres en la industria fílmica. Otorgamos la distinción a la actriz y productora Karla Souza, quien se ha levantado como una voz valiente y de denuncia en contra del abuso en contra de las mujeres dentro y fuera de la industria fílmica; y cuyo trabajo la ha colocado en los más importantes proyectos en la industria cinematográfica y televisiva en Estados Unidos. 

PREMIO SIN FRONTERAS A TENOCH HUERTA

 

Actor y productor mexicano. Por su destacada trayectoria y su incansable labor a favor de la inclusión, la diversidad y la visibilidad del talento latinoamericano en la industria fílmica mundial, el Festival Internacional de Cine de Los Cabos reconoció  en su Gala Inaugural a Tenoch Huerta con el Premio Sin Fronteras. Como parte de este homenaje se exhibió Días de Gracia y Güeros, esta última reconocida con el Premio Competencia Los Cabos en 2014. ",/,"PANEL ‘’NUEVAS SEÑALES DE CINE’’
Participaron:
-Sofía Márquez | Moderadora (México) - Fundadora de Independent Distribution Agency.
-Eréndira Ibarra (México) - Actriz, guionista y co-fundadora de Anónima Media. 
-Anthony Svatek (Estados Unidos) - Realizador y artista visual.
-Diego Nájera (México - Estados Unidos) - Director de Narrative Films en Participant Media.
-Claudia Saint-Luce (México) - Guionista, directora y actriz. 
 
En este panel, distintos miembros de la industria cinematográfica hablaron sobre el origen de las narrativas, las historias que hemos dejado de lado y los eventos que vale la pena revisitar a través del cine.
PANEL ‘’HISTORIAS EFÍMERAS: EL CINE ANTE LAS NUEVAS AUDIENCIAS’’

Participaron:

Arturo Aguilar - Moderador (México) - Investigador y periodista.

Mayra Hermosillo (México) - Actriz y realizadora.

Faridah Gbadamosi (Estados Unidos) - Programadora Senior del Festival Internacional de Cine de Tribeca.

Gastón Pavlovich (México) - CEO de Fábrica de Cine. 

Austin Kennedy (Estados Unidos) - Manager de Ventas Internacionales de Magnolia Pictures.


Un panel donde se dialogó en torno a las siguientes preguntas: ¿Qué hace el cine frente a las necesidades de un nuevo presente? ¿Qué posibilidades ofrecen los nuevos formatos de exhibición? ¿Cómo acercarnos a las nuevas audiencias? ¿Qué dicen sobre nosotros los hábitos de consumo que hemos generado?","SELECCIÓN OFICIAL - COMPETENCIA LOS CABOS

PREMIO COMPETENCIA LOS CABOS: Falcon Lake (Dir. Charlotte Le Bon). 

PREMIO CINECOLOR COMPETENCIA LOS CABOS: El suplente (Dir. Diego Lerman).  

MENCIÓN ESPECIAL al actor James Morosini, quien cuestiona y reflexiona acerca de las masculinidades a través de su papel en I Love My Dad. 

 

SELECCIÓN OFICIAL - LA BAJA INSPIRA

PREMIO SHALALA - FIREPIT - COMPETENCIA LA BAJA INSPIRA: Ir y volver (Dir. José Permar).  

PREMIO LA BAJA INSPIRA OTORGADO POR EL CENTRO DE ESTUDIO EN CIENCIAS DE LA COMUNICACIÓN (CECC): Por los viejos tiempos (Dir. Paula Natalia de Anda Vargas).

 

FONDO FÍLMICO GABRIEL FIGUEROA

PREMIO CTT EXP & RENTALS: Seis meses en el edificio rosa con azul (Dir. Bruno Santamaría) y El diablo fuma (y guarda la cabeza de los cerillos quemados en la misma caja) de Ernesto Martínez Bucio.

PREMIO CINECOLOR - SHALALA - FIREPIT: Todos los incendios (Dir. Mauricio Calderón).

PREMIO CHEMISTRY: Seis meses en el edificio rosa con azul (Dir. Bruno Santamaría). 

PREMIO PIANO: El azufre (Dir. Ana Karen Guzmán). 

PREMIO CIELO CONTENT - IRREVERSIBLE PICTURES - ROOM SERVICE CONTENIDOS: Pía Gómez Escalante, José Luis Isoard y Gonzalo Romero por la serie Mirrey Virrey.

SEXTO CONCURSO DE CRÍTICA CINEMATOGRÁFICA

Alejandro Alemán (Filmsteria!)

Cristina Ibañez (Sensacine México)

Erick Estrada (Cinegarage)

Fernando Moreno “El More” (bero 909 FM)

 

GANADORA:  Rubí Grecia Juárez Ojeda

 

Mención Especial:  Miguel Ángel Domínguez Mancilla.

Mención Especial: Gabriela Orihuela López (de Michoacán).

​

CONCURSO NAVIDAD EN CORTO (en colaboración con Studio Universal)

El Festival Internacional de Cine de Los Cabos presentó la segunda edición del  Concurso Navidad en Corto, en colaboración con NBCUniversal International Networks, a través de su canal especializado en cine Studio Universal. 

​

GANADOR NAVIDAD EN CORTO: Noel Díaz.

 

Seleccionados: Armando Carrillo, La Caja de Fósforos, Rodante Fílmica Grabando Studios / Tucan Entertainment, Lightoon Films, Preparatoria CAV, Manuel Gómez, Santiago García, Ciana Tejada y Ralva Álvarez; Pato Mojado Producciones, Gravedad Inversa Producciones."
"EDICIÓN 2021
10 AL 18 NOVIEMBRE","En el 2021 el Festival celebró su décimo aniversario con una edición híbrida. Como parte de los festejos, las pantallas de Cinemex en Los Cabos, la Ciudad de México, y Mérida –esta última en una función especial presentada en colaboración con Árbol Rojo– se iluminaron con dos nuevas secciones: La Baja Inspira y Pantalla Dorada. También pudimos disfrutar de cuatro paneles y del reconocimiento a la trayectoria a dos figuras trascendentales en el cine: el productor Nico Celis y la actriz Ann Dowd. Además,  unimos esfuerzos con el festival británico Climate Crisis Film Festival, con quien presentamos el programa ingnate sessions a cargo de expertos en medioambiente, y una curaduría de películas con enfoque ambientalista. ","https://static.wixstatic.com/media/589d69_8e128326a72c48d482f00134b5f7f5cd~mv2.jpeg/v1/fill/w_536,h_792,al_c,q_85,usm_0.66_1.00_0.01,enc_avif,quality_auto/Poster_2021.jpeg",https://drive.google.com/file/d/1nRsNBwUvzZgXaH4QCF3SPKCMugXJAh22/view?usp=sharing,https://www.ficloscabos.org/_files/ugd/589d69_e19094dd009e4058b5a22cdde245246f.pdf,"SELECCIÓN OFICIAL - COMPETENCIA LOS CABOS

Les bruit des moteurs | Dir. Philippe Grégoire | Canadá-Quebec

Luchadoras | Dir. Paola Calvo y Patrick Jasim | Alemania, México

Night Raiders | Dir. Danis Goulet | Canadá, Nueva Zelanda

Nos hicieron noche | Dir. Antonio Hernández | México

Strawberry Mansion | Dir. Kentucker Audley y Albert Birney | Estados Unidos

Users | Dir. Natalia Almada | México, Estados Unidos

Violet | Dir. Justine Bateman | Estados Unidos

 

LA BAJA INSPIRA

La recua | Dir. Trudi Angell y Darío Higuera Meza | México, Estados Unidos

The gigantes | Dir. Beatriz Sanchis | México, Estados Unidos

Transition | Dir. Alejandro Torres Kennedy | México

 

PANTALLA DORADA 

Belfast | Dir. Kenneth Branagh | Reino Unido

Red Rocket | Dir. Sean Baker | Estados Unidos

The Eyes of Tammy Faye | Dir. Michael Showalter | Estados Unidos

​Mass | Dir. Fran Kranz | Estados Unidos

PANORAMA DIVERGENTE

Beyond the Infinite Two Minutes | Dir. Junta Yamaguchi | Japón

El perro que no calla | Dir. Ana Katz | Argentina

Murina | Dir. Antonete Alamat Kusijanovic | Brasil, Croacia, Estados Unidos, Eslovenia

The Pink Cloud | Dir. Luli Gerbase | Brasil

The Rescue | Dir. Jimmy Chin, E. Chai Vasarhelyi | Estados Unidos, Reino Unido

 

GREEN STRAND

Above Water | Dir. Aïssa Maïga| Francia, Bélgica 

Poupelle of Chimney Town | Dir. Yusuke Hirota |  Japón

River | Dir. Jennifer Peedom y Joseph Nizeti | Australia

 

OUTSTANDING WORK IN CINEMA PRODUCTION A NICOLÁS CELIS

Drunken Birds | Dir. Ivan Grbovic | Canadá-Quebec

Noche de fuego | Dir. Tatiana Huezo | México, Alemania, Brasil, Catar","OUTSTANDING WORK IN CINEMA: PRODUCTION, A NICOLÁS CELIS

 

Productor mexicano. El décimo aniversario del Festival fue la oportunidad perfecta para hacer un homenaje particularmente especial y significativo a Nicolás Celis,  una de las figuras nacionales  más destacadas por su participación en la industria cinematográfica mexicana e internacional. Estuvo acompañado de la exhibición de las dos producciones más recientes de su compañía, Pimienta Films: Noche de fuego, de Tatiana Huezo y Drunken Birds, de Ivan Grbovic; además de una conversación moderada por la guionista y directora de cine, Alejandra Márquez. 

OUTSTANDING WORK IN CINEMA ACTING A ANN DOWD

 

Actriz estadounidense. Como parte de este homenaje se proyectó dentro de la sección Pantalla Dorada, Mass; además de también haber conversado con el crítico de cine, Arturo Aguilar.","En colaboración con el Climate Crisis Film Festival y gracias al apoyo del British Council en México, presentamos una serie de conversaciones únicas que promovieron el pensamiento ecológico con el fin de transformar las prácticas que rigen la industria fílmica y desarrollar nuevas narrativas que permitan mejorar nuestra relación con el medio ambiente.",/,"SELECCIÓN OFICIAL

PREMIO COMPETENCIA LOS CABOS, OTORGADO POR NOBU Y ARDEA: El ruido de los motores (Dir. Philippe Grégoire).

PREMIO CINECOLOR COMPETENCIA LOS CABOS: Strawberry Mansion (Dir. Kentucker Audley y Albert Birney).

PREMIO DE LA PRENSA LOS CABOS, OTORGADO POR EL CENTRO DE ESTUDIOS EN CIENCIAS DE LA COMUNICACIÓN (CECC): La recua (Dirs. Trudi Angell y Darío Higuera Meza).

​

FONDO FÍLMICO GABRIEL FIGUEROA – CINE EN DESARROLLO

PREMIO CTT EXP & RENTALS Y PREMIO CHEMISTRY: Ya se quiere venir la noche (Dir. Gabriel Mariño).

PREMIO PIANO: En vuelo (Dir. Daniela Uribe).

 

FONDO FÍLMICO GABRIEL FIGUEROA – WORK IN PROGRESS

PREMIO CINECOLOR MÉXICO - SHALALA - FIREPIT: Los ríos (Dir. Ryan Fyfe Brown y Dale Bailey).

PREMIO ART KINGDOM: La frontera invisible (Dir.Mariana Flores Villalba).

 

FONDO FÍLMICO GABRIEL FIGUEROA – SERIES EN DESARROLLO

PREMIO CIELO CONTENT, IRREVERSIBLE PICTURES Y ROOM SERVICE CONTENIDOS: Traer vida al mundo (Escritora: Monserrat Larqué).

QUINTO CONCURSO DE CRÍTICA CINEMATOGRÁFICA

Mentores

Alejandra Lucia Arrieta (TEC de Monterrey)

Andrea Rendón (Girls at Films)

Arturo Magaña (Cine Premiere) 

Arturo Rendón Shoup (TEC de Monterrey) 

Erick Estrada (Cinegarage)

Fabiola Santiago (Lumínicas) 

Rafa Paz (Butaca Ancha)

 

GANADORA Karime Rajme Méndez

 

Mención Especial: Juan Ramón Ríos Trejo.

Mención Especial: Romina Hernández Espinoza.


 

CONCURSO NAVIDAD EN CORTO (en colaboración con Studio Universal)

El Festival Internacional de Cine de Los Cabos abrió un espacio para la participación de cortometrajes con el Concurso Navidad en Corto, presentado en colaboración con NBCUniversal International Networks, a través de su canal especializado en cine Studio Universal. 

 

GANADOR Juan Miguel González Henao (Colombia). 

 

Seleccionados: Elizabeth Marlo, Israel Gómez Resendiz, Christian Quintana,  Martín Lara Raudry, Mariano Asseff, Héctor Mauricio Santos Félix, José Ernesto Martínez, Juliana Galván y Francisco Torres Toledo.

 

El ganador obtuvo un premio en efectivo de 7,000USD y, la oportunidad, junto con los seleccionados, de presentar su corto en las diferentes ventanas de exhibición de Studio Universal."
"EDICIÓN 2020
11 AL 19 NOVIEMBRE","Bajo el lema (re)imaginarnos, la novena edición del Festival Internacional de Cine de Los Cabos se celebró completamente en el espacio digital, presentando una nueva oportunidad de dialogar con nuestra audiencia a nivel nacional. La programación conformada por 20 títulos nacionales e internacionales de los cuáles 95% fueron estrenos en México, fue disfrutada por más de 45,000 espectadores a nivel nacional. También se  presentaron los paneles Representación trans en el cine contemporáneo y 2020: hacia la transformación de nuestra industria, además de una conversación exclusiva con Demián Bichir y una charla con la directora Josephine Decker.","https://static.wixstatic.com/media/589d69_72ffde72244f4e80a3279000835f5d9b~mv2.png/v1/fill/w_536,h_792,al_c,q_90,usm_0.66_1.00_0.01,enc_avif,quality_auto/2020.png",https://drive.google.com/file/d/186nxjCE9-bch1QNnTmyofrYjvwj2Tfbr/view?usp=sharing,https://www.ficloscabos.org/_files/ugd/589d69_4201d4c9d8874249909e27e754be9e81.pdf,"SELECCIÓN OFICIAL - COMPETENCIA LOS CABOS

Beans | Dir. Tracey Deer | Canadá

Cosas que no hacemos | Dir. Bruno Santamaría Razo | México

In Between Dying | Dir. Hilal Baydarov | Azerbaiyán, México, Estados Unidos

Never Rarely Sometimes Always | Dir. Eliza Hittman | Estados Unidos

Off the Road | Dir. José Permar | México, Estados Unidos

Shiva Baby | Dir. Emma Seligman | Canadá, Estados Unidos

Summertime | Dir. Carlos López Estrada | Estados Unidos

 

PELÍCULA INAUGURAL

Kajillionaire | Dir. Miranda July | Estados Unidos

 

AFTER DARK

Get the Hell Out | Dir. I-Fan Wang | Taiwán

Relic | Dir. Natalie Erila James | Australia

She Dies Tomorrow | Dir. Amy Seimetz | Estados Unidos

​

SPOTLIGHT: JOSEPHINE DECKER

Thou Wast Mild and Lovely | Dir. Josephine Decker | Estados Unidos

Butter on the Latch | Dir. Josephine Decker | Estados Unidos

Me the Terrible | Dir. Josephine Decker | Estados Unidos

PANORAMA

76 Days | Dir. Hao Wu, Weixi Chen, Anonymous | Estados Unidos, China

One Night in Miami | Dir. Regina King | Estados Unidos

Quo Vadis, Aida? | Dir. Jasmila Zbanic | Bosnia y Herzegovina, Austria, Rumania, Holanda, Alemania, Polonia, Francia, Noruega

There is no Evil | Dir. Mohammad Rasoulof | Alemania, República Checa, IránWolfwalkers | Dir. Tomm Moore, Ross Stewart | Irlanda, Luxemburgo, Francia, Estados Unidos

 

RETROSPECTIVA: MEXICANAS GANADORAS

Plaza de la Soledad | Dir. Maya Goded | México

Llévate mis amores | Dir. Arturo González Villaseñor | México

Tamara y la Catarina | Dir. Lucía Carreras | México, España

Te prometo anarquía | Dir. Julio Hernández Cordón | México, Alemania

Feral | Dir. Andrés Kaiser | México

Observar la aves | Dir. Andrea Martínez Crowther | México

 

PELÍCULA DE CLAUSURA

Shirley | Dir. Josephine Decker | Estados Unidos","SPOTLIGHT EN JOSEPHINE DECKER

 

Cineasta estadounidense que presentó el estreno de su película Shirley además de Thou Wast Mild and Lovely, Butter on the Latch y Me the Terrible. A la par, se transmitió una conversación con la directora, moderada por la cinefotógrafa Carolina Costa.",/,,"SELECCIÓN OFICIAL - COMPETENCIA LOS CABOS
PREMIO COMPETENCIA LOS CABOS, OTORGADO CON EL APOYO DE NETFLIX: Never Rarely Sometimes Always (Dir. Eliza Hittman). 

PREMIO CINECOLOR COMPETENCIA LOS CABOS: Cosas que no hacemos (Dir. Bruno Santamaría Razo).

PREMIO ART KINGDOM: In Between Dying (Dir. Hilal Baydarov). 

 

FONDO FÍLMICO GABRIEL FIGUEROA - CINE EN DESARROLLO

PREMIO CTT EXP & RENTALS: El ojo de los días (Dir. J. Xavier Velasco).

PREMIO PIANO Y PREMIO SUPERVISIÓN DE POST CHEMISTRY: Dios y la cumbia del diablo (Dir. Carlos Lenin).

PREMIO CHEMISTRY: Oasis (Dir. Faride Schroeder).

FONDO FÍLMICO GABRIEL FIGUEROA - WORK IN PROGRESS

PREMIO CINECOLOR MÉXICO - SHALALÁ: Las hostilidades (Dir. M. Sebastian Molina).

​

CUARTO CONCURSO DE CRÍTICA CINEMATOGRÁFICA

Erick Estrada (Cinegarage)

Gonzalo Lira (Cinema Móvil)

Jessica Oliva (Cine Premiere)

Josué Corro (Dónde Ir)  

Rubén Peralta Girauld (Sensacine México)

 

GANADOR Daniel Torres Aguilar."
"EDICIÓN 2019
13 AL 17 NOVIEMBRE","Robert De Niro, uno de los actores más extraordinarios de la historia, fue el encargado de presentar el estreno en América Latina de, The Irishman, de Martin Scorsese, Gala Inaugural del Festival. Esta fue una edición en la que se abrieron nuevos espacios dedicados a la visibilidad de la mujeres en la industria fílmica, a través de iniciativas como Mujeres Fantásticas y la nueva sección HerStory, acciones a las que se sumaron paneles como Miradas Extraordinarias en el que se dieron cita reconocidas cinefotógrafas a nivel internacional. Además contamos con la colaboración de la AMPAS (Academy of Motion Pictures Arts and Sciences) y con la presencia de su presidente David Rubin y su Directora de Awards and Members, Lorenza Muñoz. La programación estuvo conformada por 42 títulos nacionales e internacionales de los cuáles 86% fueron estrenos sumando un total de 110 proyecciones.","https://static.wixstatic.com/media/589d69_ce153d7a795441ea9081d0a2e3493e49~mv2.jpeg/v1/crop/x_106,y_0,w_1735,h_2560/fill/w_536,h_792,fp_0.50_0.50,q_85,usm_0.66_1.00_0.01,enc_avif,quality_auto/Poster_2019.jpeg",https://drive.google.com/file/d/1DzNGISaooaD3vKfxqq6Acg7-h3zMDLdM/view?usp=sharing,https://www.ficloscabos.org/_files/ugd/589d69_ee4abd0ef5564ba0879c2f0c2f800bc4.pdf,"SELECCIÓN OFICIAL - COMPETENCIA LOS CABOS​

Amores modernos | Dir. Matías Meyer | México, Suecia

Antigone | Dir. Sophie Deraspe | Canadá, Quebec

Ash (Ceniza) | Dir. Andrew Huculiak | Canadá

The Body Remembers When the World Broke Open (El cuerpo recuerda cuando desgarraron el mundo) | Dir. Elle-Máijá Tailfeathers y Kathleen Hepburn | Canadá, Noruega

The Climb | Dir. Michael Angelo Covino | Estados Unidos 

La fiera y la fiesta | Dir. Laura Amelia Guzmán e Israel Cárdenas | República Dominicana, Argentina, México

Greener Grass (El jardín más verde) | Dir. Jocelyn DeBoer y Dawn Luebbe | Estados Unidos

Honey Boy | Dir. Alma Har’el | Estados Unidos

The Twentieth Century (El siglo XX) | Dir. Matthew Rankin | Canadá-Quebec

 

SELECCIÓN OFICIAL - MÉXICO PRIMERO

Club Internacional Aguerridos | Dir. Leandro Córdova | México

El deseo de Ana | Dir. Emilio Santoyo | México

Mano de obra | Dir. David Zonana | México

Observar las aves | Dir. Andrea Martínez Crowther | México

La paloma y el lobo | Dir. Carlos Lenin | México

 

GALAS

The Irishman | Dir. Martin Scorsese | Estados Unidos

Jojo Rabbit | Dir. Taika Waititi | Alemania, Estados Unidos

 

TRIBUTO EXCELLENCE IN CINEMATOGRAPHY A ELLEN KURAS

Eternal Sunshine of the Spotless Mind (Eterno resplandor de una mente sin recuerdos) | Dir. Michel Gondry | Estados Unidos

 

SPOTLIGHT: IRA SACHS

Frankie | Dir. Ira Sachs | Francia, Portugal

Keep the Lights On | Dir. Ira Sachs | Estados Unidos

Love is Strange (El amor es extraño) | Dir. Ira Sachs | Estados Unidos, Grecia, Brasil

​

SPOTLIGHT: TATIANA HUEZO

El lugar más pequeño | Dir. Tatiana Huezo | México

Tempestad | Dir. Tatiana Huezo | México​

HerSTORY

Proxima | Dir. Alice Winocour | Francia, Alemania

The Kingmaker | Dir. Lauren Greenfield | Estados Unidos

Radioactive | Dir. Marjane Satrapi | Reino Unido

 

WORLD HIGHLIGHTS

About Endlessness | Dir. Roy Andersson | Suiza, Alemania, Noruega

Atlantique | Dir. Mati Diop | Francia, Senegal, Bélgica

Family Romance, LLC | Dir. Werner Herzog | Estados Unidos

La vérité | Dir. Hirokazu Kore-eda | Francia

Weathering With You | Dir. Makoto Shinkai | Japón

 

AMERICAN SPECIALS

Judy | Dir. Rupert Goold | Reino Unido, Estados Unidos

Marriage Story | Dir. Noah Baumbach | Estados Unidos

The Report | Dir. Scott Z. Burns | Estados Unidos

Waves | Dir. Trey Edward Shults | Estados Unidos

 

GREEN

Anthropocene: The Human Epoch (Antropoceno: La era humana) | Dir. Jennifer Baichwal, Nicholas de Pencier y Edward Burtynsky | Canadá

Honeyland | Dir. Ljubomir Stefanov y Tamara Kotesvka | Macedonia del Norte

Marona's Fantastic Tale (El extraordinario viaje de Marona) | Dir. Anca Damian | Francia, Rumania, Bélgica

 

AFTER DARK

The Dead Don't Die (Los muertos no mueren) | Dir. Jim Jarmusch | Estados Unidos, Suiza

The Lodge | (La cabaña siniestra) | Dir. Veronika Franz y Severina Fiala | Estados Unidos, Reino Unido

We Are Little Zombies (Somos pequeños zombies) | Dir. Makoto Nagahisa | Japón

 

SPECIAL PRESENTATIONS

Perdida | Dir. Jorge Michel Grau | México","TRIBUTO A ELLEN KURAS

Cinefotógrafa estadounidense que ha colaborado como directora de fotografía con Spike Lee, Rebecca Miller, Martin Scorsese, Jim Jarmusch, Michel Gondry y Errol Morris, entre otros realizadores. Como parte de este reconocimiento se exhibió Eterno resplandor de una mente sin recuerdos, de Michel Gondry.

​

SPOTLIGHT EN TATIANA HUEZO

Realizadora y guionista mexicana. Por su mirada y sensibilidad única, en esta edición decidimos destacar como parte de nuestro programa Spotlight la obra de la realizadora Tatiana Huezo, de quien exhibimos por primera vez a nivel mundial un adelanto de Noche de fuego, su primera película de ficción. Además presentamos Tempestad y El lugar más pequeño.

SPOTLIGHT EN IRA SACHS

Cineasta estadounidense ícono del cine independiente neoyorkino. Como parte de este reconocimiento exhibimos: Love is Strange, Keep the Lights On y el estreno de Frankie. 

​

INTERNATIONAL STAR AWARD A EIZA GONZÁLEZ

La actriz mexicana Eiza González recibió en el marco de la Ceremonia de Clausura este reconocimiento por su contribución a la visibilización del talento latino en la industria cinematográfica mundial. 

​

MUJERES FANTÁSTICAS

Este año lanzamos la iniciativa Mujeres Fantásticas, como un llamado a fortalecer la inclusión de las mujeres en la industria fílmica y a escuchar sus voces. La actriz mexicana Yalitza Aparicio fue elegida como vocera de esta iniciativa debido a su trabajo en pro de la inclusión y la diversidad, en este homenaje fue acompañada por la actriz chilena Daniela Vega.",/,,"SELECCIÓN OFICIAL

PREMIO COMPETENCIA LOS CABOS: The Twentieth Century (Dir. Matthew Rankin).

PREMIO CINEMEX MÉXICO PRIMERO: La paloma y el lobo (Dir. Carlos Lenin).

PREMIO DEL PÚBLICO CINEMEX & PREMIO TRAILER ART KINGDOM: Observar las aves (Dir. Andrea Martínez Crowther).

​

FONDO FÍLMICO GABRIEL FIGUEROA – CINE EN DESARROLLO

PREMIO CTT EXP & RENTALS & PREMIO TALENT ON THE ROAD WORLD TALENT HOUSE: Temporada de huracanes (Dir. Elisa Miller).

PREMIO PIANO: Todos los incendios (Dir. Mauricio Calderón Rico).

PREMIO MARCHÉ DU FILM: Preciosísima sangre (Prod. Nicole Maynard).

​​

FONDO FÍLMICO GABRIEL FIGUEROA – WORK IN PROGRESS

PREMIO FONDO FÍLMICO GABRIEL FIGUEROA WORK IN PROGRESS: Dioses de México (Dir. Helmut Dosantos).​

PREMIO CHEMISTRY & DISRUPTIVA FILM & SOUND:  Cosas que no hacemos (Dir. Bruno Santamaría Razo). ​

PREMIO CINECOLOR MÉXICO: Flora y fauna (Dir. Nicolás Pereda).

FONDO FÍLMICO GABRIEL FIGUEROA  – CONTENIDOS EPISÓDICOS EN DESARROLLO

PREMIO CTT EXP & RENTALS: Masa madre (Dir. Mercedes Córdova).

PREMIO CINECOLOR MÉXICO TRAILER DE TV: Aventurología (Dir. Ricardo Castro).

PREMIO PROMO TRAILER ART KINGDOM: Mi interior es una de las cosas más hermosas y extrañas del mundo (Dir. Nicolasa Ruiz).

​

TERCER CONCURSO DE CRÍTICA CINEMATOGRÁFICA 

Mentores

Carlos Gómez Iniesta (Sensacine México) 

Columba Vértiz (Proceso)

Erick Estrada (Cinegarage)

Fernanda Solórzano (Letras Libres)

Marcela Vargas (MVS Radio)

 

GANADORA Amira Ortiz."
"EDICIÓN 2018
7 AL 11 NOVIEMBRE","Esta edición se destacó por reunir a grandes personalidades como parte de nuestros principales invitados: Spike Lee, Adam Driver y Terry Gilliam quiénes engalanaron las alfombras rojas de las galas y funciones especiales. La programación de esta edición estuvo conformada por 41 títulos nacionales e internacionales de los cuáles más del 80% tuvieron su estreno en México en el marco del Festival. ","https://static.wixstatic.com/media/589d69_e1090894c6a0455b852758d46644e7a6~mv2.jpeg/v1/fill/w_536,h_792,al_c,q_85,usm_0.66_1.00_0.01,enc_avif,quality_auto/Poster_2018.jpeg",https://drive.google.com/file/d/1MTPjTA9ohHtDu4ow744YRRmV8axY-B6o/view?usp=sharing,https://www.ficloscabos.org/_files/ugd/589d69_7fde9a9ce59e4467a18d3e95a3f949e2.pdf,"SELECCIÓN OFICIAL - COMPETENCIA LOS CABOS

Bisbee ‘17 | Dir. Robert Greene | Estados Unidos

Cómprame un revólver | Dir. Julio Hernández Cordón | México, Colombia

Genèse (Génesis) | Dir. Philippe Lesage | Canadá-Quebec

La Grande noirceur | Dir. Maxime Giroux | CanadáQuebec

Lemonade | Dir. Ioana Uricaru | Rumania, Canadá-Quebec, Alemania, Suiza

Madeline’s Madeline | Dir. Josephine Decker | Estados Unidos

Pájaros de verano | Dir. Cristina Gallego y Ciro Guerra | Colombia, Dinamarca, México

Skate Kitchen | Dir. Crystal Moselle | Estados Unidos

We the animals | Dir. Jeremiah Zagar | Estados Unidos

 

SELECCIÓN OFICIAL - MÉXICO PRIMERO

Cigüeñas | Dir. Heriberto Acosta | México

Clases de Historia | Dir. Marcelino Islas Hernández | México

Fausto | Dir. Andrea Bussmann | México, Canadá

Feral | Andrés Kaiser | México

Yo no soy guapo | Joyce García | México 

 

GALAS

The Favourite (La favorita) | Dir. Yorgos Lanthimos | Irlanda, Reino Unido Ireland, Estados Unidos 

Blackkklansman (Infiltrado del Kkklan) | Dir. Spike Lee | Estados Unidos

 

EXCEPTIONAL CONTRIBUTION TO CINEMA HISTORY TRIBUTE A SPIKE LEE 

Do the Right Thing | Dir. Spike Lee | Estados Unidos ​

 

EXCEPTIONAL CONTRIBUTION TO CINEMA HISTORY TRIBUTE A TERRY GILLIAM

The Man Who Killed Don Quixote (El hombre que mató a Don Quijote) | Dir. Terry Gilliam | Reino Unido, España, Francia, Portugal, Bélgica

Fear and Loathing in Las Vegas | Dir. Terry Gilliam | Estados Unidos

​

OUTSTANDING WORK IN CINEMA A ADAM DRIVER

Paterson | Dir. Jim Jarmusch| Estados Unidos, Francia, Alemania

AMERICAN SPECIALS

American Animals | Dir. Bart Layton | Reino Unido, Estados Unidos

Destroyer | Dir. Karyn Kusama | Estados Unidos 

Widows (Viudas) | Dir. Steve McQueen | Reino Unido, Estados Unidos

Wildlife | Dir. Paul Dano | Estados Unidos 

 

WORLD HIGHLIGHTS

At Eternity’s Gate | Dir. Julian Schnabel | Reino Unido, Francia, Estados Unidos

Border | Dir. Ali Abbasi | Suiza, Dinamarca

Sunset | Dir. László Nemes | Hungría, Francia

The Sisters Brothers | Dir. Jacques Audiard | Estados Unidos, Francia, Rumania, España

Three Faces (Tres rostros) | Dir. Jafar Panahi | Irán

 

GREEN

Free Solo | Dir. Jimmy Chin y Elizabeth Chai Vasarhelyi | Estados Unidos

Into the Okavango | Dir. Neil Gelinas | Estados Unidos, Angola, Botsuana, Namibia, Sudáfrica

 

B-SIDE

Leto | Dir. Kirill Serebrennikov | Rusia, Francia

Lords of Chaos | Dir. Jonas Åkerlund | Reino Unido, Suiza

Quién te cantará | Dir. Carlos Vermut | España, Francia

 

AFTER DARK

Mandy | Dir. Panos Cosmatos | Bélgica, Estados Unidos

Sorry to Bother You | Dir. Boots Riley | Estados Unidos

Under the Silver Lake | Dir. David Robert Mitchell | Estados Unidos

 

SPECIAL PRESENTATIONS

A 3 Minute Hug | Dir. Everardo González | México, Estados Unidos

Bayoneta | Dir. Kyzza Terrazas | México, Finlandia

Las niñas bien | Dir. Alejandra Márquez Abella | México

Roma | Dir. Alfonso Cuarón | México ","EXCEPTIONAL CONTRIBUTION TO CINEMA HISTORY TRIBUTE A SPIKE LEE

Cineasta, actor y guionista estadounidense quien presentó el estreno de su película Blackkklansman, además de la emblemática Do the right thing. 

​

EXCEPTIONAL CONTRIBUTION TO CINEMA HISTORY TRIBUTE A TERRY GILLIAM

Guionista, director, actor y comediante británico quien presentó el estreno de su película The Man Who killed Don Quijote además de Fear and Loathing in Las Vegas.​

​

OUTSTANDING WORK IN CINEMA A ADAM DRIVER

Actor estadounidense que estuvo acompañado de las películas  Blackkklansman de Spike Lee, The Man Who killed Don Quijote de Terry Gilliam y Paterson de Jim Jarmush.",,,"SELECCIÓN OFICIAL

PREMIO COMPETENCIA LOS CABOS: Genèse (Dir. Philippe Lesage).

MENCIÓN ESPECIAL COMPETENCIA LOS CABOS: We, the Animals (Dir. Jeremiah Zagar). 

PREMIO CINEMEX MÉXICO PRIMERO, PREMIO FIPRESCI MÉXICO PRIMERO Y PREMIO TRAILER ART KINGDOM: Feral (Dir. Andrés Kaiser).

PREMIO DEL PÚBLICO CINEMEX: Pájaros de verano (Dir. Cristina Gallego y Ciro Guerra).

​

FONDO FÍLMICO GABRIEL FIGUEROA – CINE EN DESARROLLO

PREMIO CTT EXP & RENTALS + CHEMISTRY: El hoyo en la cerca (Dir. Joaquín del Paso).

PREMIO CTT EXP & RENTALS: Estado del imperio (Dir. Amat Escalante). 

PREMIO TALENT ON THE ROAD WORLD TALENT HOUSE: Viaje al país de los tarahumaras (Dir. Federico Cecchetti). 

MARCHÉ DU FILM - FESTIVAL DE CANNES otorgó una acreditación para su programa Producers Network a la productora Gabriela Gavica por Ona Sur de Begoña Colomar.

FONDO FÍLMICO GABRIEL FIGUEROA – WORK IN PROGRESS

PREMIO FONDO FÍLMICO GABRIEL FIGUEROA WORK IN PROGRESS & PREMIO CHEMISTRY: Mano de obra (Dir. David Zonana). 

PREMIO CINECOLOR MÉXICO: Ya no estoy aquí (Dir. Fernando Frías).

​

FONDO FÍLMICO GABRIEL FIGUEROA – TV EN DESARROLLO

PREMIO BOBO & PREMIO PROMO TRAILER ART KINGDOM: Los abogados del diablo (Prod. Daniela Alatorre). 


SEGUNDO CONCURSO DE CRÍTICA CINEMATOGRÁFICA 

Mentores 

Arturo Aguilar (W Radio)

Carlos Gómez Iniesta (SensaCine México)

Erick Estrada (Cinegarage)

Fernando Moreno “El More” (Ibero 90.9)

Juan Meyer y Eythel Aracil (HuffPost México)

Sergio Huidobro (Sector Cine)

 

GANADORA Arantxa Luna."
"EDICIÓN 2017
8 AL 12 NOVIEMBRE","En la sexta edición del Festival presentamos una programación conformada por largometrajes reconocidos en los principales festivales cinematográficos alrededor del mundo. Nuestra audiencia disfrutó de 42 títulos nacionales e internacionales de los cuales el 90% fueron estrenados en el marco del Festival: 5 estrenos mundiales, 3 estrenos internacionales, 9 estrenos en Latinoamérica y 20 en México. Este año el Festival sumó a sus actividades el 1er Concurso de Crítica Cinematográfica.","https://static.wixstatic.com/media/589d69_89129b80c9fb45e3b7233085c119f946~mv2.png/v1/crop/x_50,y_0,w_980,h_1350/fill/w_536,h_792,fp_0.50_0.50,q_90,usm_0.66_1.00_0.01,enc_avif,quality_auto/2017.png",https://drive.google.com/file/d/1JsmzBAy92Ts058-d-QmW_Qlk86kqKpiP/view?usp=sharing,https://www.ficloscabos.org/_files/ugd/589d69_a75ada47d19d4d7d949357ce195d5b61.pdf,"SELECCIÓN OFICIAL - COMPETENCIA LOS CABOS

A Ghost Story | Dir. David Lowery | Estados Unidos

Beach Rats | Dir. Eliza Hittman | Estados Unidos

Camino a Marte | Dir. Humberto Hinojoza Ozcariz | México

Columbus | Dir. Kogonada | | Estados Unidos

The Florida Project | Dir. Sean Baker | Estados Unidos

Golden Exits | Dir. Alex Ross Perry | Estados Unidos

Luk’Luk’i | Dir. Wayne Wapeemukwa | Canadá

Mobile Homes | Dir. Vladimir de Fontenay | Canadá, Francia

La petitte fille qui aimait trop les allumetes | Dir. Simon Lavoie | Canadá- Quebec

 

SELECCIÓN OFICIAL - MÉXICO PRIMERO

A morir a los desiertos | Dir. Marta Ferrer Carné | México

Ayer maravilla fui | Dir. Gabriel Mariño | México

Los días más oscuros de nosotras | Dir. Astrid Rondero | México

Mis demonios nunca juraron soledad | Dir. Jorge Leyva Flores | México

Opus Zero | Dir. Daniel Graham | México, Alemania, Reino Unido

 

GALAS

Battle of the Sexes (La batalla de los sexos) | Dir. Jonathan Dayton y Valerie Faris  | Estados Unidos, Reino Unido

Downsizing (Pequeña gran vida) | Dir. Alexander Payne | Estados Unidos

Molly’s Game (Apuesta maestra) | Dir. Aaron Sorkin | Estados Unidos

Three Billboards Outside Ebbing, Missouri (Tres anuncios por un crimen) | Dir. Martin McDonagh | Estados Unidos, Reino Unido

 

TRIBUTO A PAUL SCHRADER

First Reformed | Dir. Paul Schrader  | Estados Unidos, Reino Unido

Mishima: A Life in Four Chapters (Mishima: Una vida en cuatro capítulos) | Dir. Paul Schrader | Estados Unidos, Japón

WORLD HIGHLIGHTS

Angels Wear White | Dir. Vivian Qu | China, Francia

Blade of The Immortal | Dir. Takashi Miike | Japón, Reino Unido

Foxtrot | Dir. Samuel Maoz | Israel, Alemania, Francia

On Body and Soul | Dir. Ildikó Enyedi | Hungría

Thelma | Dir. Joachim Trier | Noruega, Francia, Dinamarca, Suecia  

Una mujer fantástica | Dir. Sebastián Lelio | Chile, Alemania, España

Western | Dir. Valeska Grisebach | Alemania, Bulgaria, Austria 

 

AMERICAN SPECIALS

I, Tonya | Dir. Craig Gillespie | Estados Unidos

Landline | Dir. Gillian Robespierre | Estados Unidos

Last Flag Flying | Dir. Richard Linklater | Estados Unidos

Lean on Pete | Dir. Andrew Haigh | Estados Unidos, Reino Unido

 

GREEN

Jane | Dir. Brett Morgen | Estados Unidos

Mountain | Dir. Jennifer Peedom | Australia 

Thank You for the Rain | Dir. Julia Dahr | Noruega, Reino Unido

 

B-SIDE

Give Me Future: Major Lazer in Cuba | Dir. Austin Peters | Estados Unidos

How to Talk to Girls at Parties | Dir. John Cameron Mitchell | Estados Unidos, Reino Unido

Song of Granite | Dir. Pat Collins | Irlanda, Canadá, Quebec 

 

SPECIAL PRESENTATIONS

El ángel en el reloj | Dir. Miguel Ángel Uriegas | México

Dina Dan Sickles | Dir. Antonio Santini | Estados Unidos

Sun Dogs | Dir. Jennifer Morrison | Estados Unidos

Witkin & Witkin | Dir. Trisha Ziff | México, Estados Unidos

The Killing of a Sacred Deer | Dir. Yorgos Lanthimos | Irlanda, Reino Unido","TRIBUTO A PAUL SCHRADER
Director y guionista estadounidense, acompañado por el estreno de su película First Reformed y de Mishima.
​
OUTSTANDING WORK IN CINEMA A NICOLE KIDMAN
Actriz y productora australiana. Presentó la función especial de The Killing of a Sacred Deer de Yorgos Lanthimos.",,,"SELECCIÓN OFICIAL

PREMIO COMPETENCIA LOS CABOS:  The Florida Project (Dir. Sean Baker).

MENCIÓN ESPECIAL COMPETENCIA LOS CABOS: A Ghost Story (Dir. David Lowery) y Mobile Homes (Dir. Vladimir de Fontenay).

PREMIO CINEMEX MÉXICO PRIMERO Y PREMIO FIPRESCI MÉXICO PRIMERO: Ayer maravilla fui (Dir. Gabriel Mariño).

MENCIÓN ESPECIAL MÉXICO PRIMERO: Los días más oscuros de nosotras (Dir. Astrid Rondero).

PREMIO DEL PÚBLICO CINEMEX: Camino a Marte (Dir. Humberto Hinojosa Ozcariz).

PREMIO TRAILER ART KINGDOM: A morir a los desiertos (Dir.  Marta Ferrer Carné).


PREMIOS FONDO FÍLMICO GABRIEL FIGUEROA – CINE EN DESARROLLO

Noche de fuego (Dir.Tatiana Huezo).

Israela & Talleen (Dir. Trisha Ziff).

​

Además de los premios:

PREMIO CTT EXP & RENTALS:  La caída (Dir. Lucía Puezno).

PREMIO TALENT ON THE ROAD WORLD TALENT HOUSE:  Tengo miedo torero (Dir. Rodrigo Sepúlveda).

PREMIO LCI SEGUROS: Temple (Dir. Lucía Gajá).

MARCHÉ DU FILM - FESTIVAL DE CANNES otorgó una acreditación para Producers Network  a la productora Ana Laura Rascón por La caída, de Lucía Puenzo.

PREMIO FONDO FÍLMICO GABRIEL FIGUEROA  – WORK IN PROGRESS​

Clases de Historia (Dir. Marcelino Islas Hernández).

 

También se entregó el Premio Labo Digital a:

Bayoneta (Dir. Kyzza Terrazas).

La camarista (Dir. Lila Avilés).

​

PREMIO FONDO FÍLMICO GABRIEL FIGUEROA  –  TV EN DESARROLLO

PREMIO FESTIVAL DE CINE DE LOS CABOS Y SPR: Litempo (Dir. Manuel Alcalá).

PREMIO CHEMISTRY: Penumbra (Dir. Pablo Barrera).

PRIMER CONCURSO DE CRÍTICA CINEMATOGRÁFICA 

Mentores

Juan Meyer y Eythel Aracil (HuffPost México).

Sergio Huidobro (Sector Cine).

 

GANADORA Hipatia Argüero"
"EDICIÓN 2016
9 AL 13 NOVIEMBRE","En el 2016 el Festival celebró cinco años de existencia, consolidando su labor por ser un punto de encuentro entre las cinematografías de México, Estados Unidos y Canadá. De los 45 títulos exhibidos más del 80% se estrenaron en el marco del Festival. Este año también se lanzó, como parte de la plataforma de Industria, Los Cabos Meet-Mart, punto de encuentro donde se reúnen todos aquellos que intervienen en la creación, realización, distribución, comercialización y exhibición del cine independiente.

","https://static.wixstatic.com/media/589d69_d6ea39784c1040caa177247a2166f5f5~mv2.jpeg/v1/fill/w_536,h_792,al_c,q_85,usm_0.66_1.00_0.01,enc_avif,quality_auto/Poster_2016.jpeg",https://drive.google.com/file/d/1tbMhAjIz8UAqcIjHRrR_EsAVGkrIfoHu/view?usp=sharing,https://www.ficloscabos.org/_files/ugd/589d69_229adad2d73e4c7cb0a3281c2e59ed0f.pdf,"SELECCIÓN OFICIAL - COMPETENCIA LOS CABOS

American Honey | Dir. Andrea Arnold | Reino Unido, Estados Unidos

Christine | Dir. Antonio Campos | Estados Unidos

Donald Cried | Dir. Kris Avedisian | Estados Unidos

Operation Avalanche | Dir. Matt Johnson | Canadá, Estados Unidos

The Other Half | Dir. Joey Klein | Canadá

Porto | Dir. Gabe Klinger | Portugal, Estados Unidos, Francia, Polonia

La región salvaje | Dir. Amat Escalante | México, Dinamarca, Francia, Alemania, Noruega, Suiza

Soy Nero | Dir. Rafi Pitts | México, Francia, Alemania

Two Lovers and a Bear | Dir. Kim Nguyen | Canadá-Quebec

 

SELECCIÓN OFICIAL - MÉXICO PRIMERO

Bellas de noche | Dir. María José Cuevas | México

Carroña | Dir. Sebastián Hiriart | México

Los paisajes | Dir. Rodrigo Cervantes | Francia, México, Reino Unido

Tamara y La Catarina | Dir. Lucía Carreras | México, España

William, el nuevo maestro del judo | Dir. Ricardo Silva y Omar Guzmán | México

X500 | Dir. Juan Andrés Arango García | Canadá, Quebec, Colombia, México

 

GALAS

Jackie | Dir. Pablo Larraín | Estados Unidos, Chile, Francia 

Snowden | Dir. Oliver Stone | Estados Unidos, Alemania 

Captain Fantastic (Capitán fantástico) | Dir. Matt Ross | Estados Unidos

 

TRIBUTO A OLIVER STONE

JFK | Dir. Oliver Stone | Estados Unidos

Salvador | Dir. Oliver Stone | Estados Unidos, Reino Unido

 

TRIBUTO A RODRIGO PRIETO

Biutiful | Dir. Alejandro González Iñárritu | México, España

Lust, Caution (Lujuria y traición) | Dir. Ang Lee | Estados Unidos, China, Taiwán

The Wolf of Wall Street (El lobo de Wall Street) | Dir. Martin Scorsese | Estados Unidos

 

LIFETIME ACHIEVEMENT AWARD A MONICA BELLUCCI

On the Milky Road | Dir. Emir Kusturica | Serbia, Reino Unido, Estados Unidos

WORLD HIGHLIGHTS

Aquarius | Dir. Kleber Mendonça Filho | Brasil, Francia

Death in Sarajevo | Dir. Danis Tanovic | Francia, Bosnia-Herzegovina

Hunt for the Wilderpeople | Dir. Taika Waititi | Nueva Zelanda

Lion | Dir. Garth Davis | Australia, Reino Unido, Estados Unidos

The Red Turtle (La tortuga roja) | Dir. Michael Dudok De Witt | Francia, Bélgica, Japón

Under the Shadow | Dir. Babak Anvani | Reino Unido

 

AMERICAN SPECIALS

American Pastoral (El fin del sueño americano) | Dir. Ewan McGregor | Estados Unidos

Café Society | Dir. Woody Allen | Estados Unidos

Little Men (Hombrecitos) | Dir. Ira Sachs | Estados Unidos

Manchester By the Sea | Dir. Kenneth Lonergan | Estados Unidos

Morris From America | Dir. Chad Hartingham | Estados Unidos, Alemania

 

GREEN

The Islands and the Whales (Las islas y las ballenas) | Dir. Mike Day | Reino Unido, Dinamarca

Rats (Ratas) | Dir. Morgan Spurlock | Estados Unidos

Safari | Dir. Ulrich Seidl | Austria

Voyage of Time (Viaje del tiempo) | Dir. Terrence Malick | Francia, Alemania, Estados Unidos

 

B-SIDE

Hasta la raíz | Dir. Bruno Bancalari y José López Fonseca | México

The Lure | Dir. Agnieszka Smoczyńska | Polonia 

SPECIAL PRESENTATIONS 

Burn your Maps | Dir. Jordan Roberts | Estados Unidos, Canadá, Mongolia

La habitación | Dir. Carlos Carrera, Daniel Giménez Cacho, Carlos Bolado, Ernesto Contreras, Alfonso Pineda-Ulloa, Alejandro Valle, Iván Ávila Dueñas y Natalia Beristáin | México, Polonia

Mientras el lobo no está | Dir. Joseph Hemsani | México

War on Everyone | Dir. John Michael Mcdonagh | Reino Unido","TRIBUTO A OLIVER STONE
Director, guionista y productor ganador de tres Premios Oscar, acompañado de sus películas Snowden (2016), JFK (1991), Salvador (1986). ​
 

TRIBUTO A RODRIGO PRIETO
Cinefotógrafo mexicano que estuvo acompañado de sus películas Biutiful de Alejandro González Iñárritu, Lust Caution de Ang Lee y The Wolf of Wall Street de Martin Scorsese.
 

LIFETIME ACHIEVEMENT AWARD A MONICA BELLUCCI
Actriz italiana que presentó la Premiere en Latinoamérica de On the Milky Road (2016), de Emir Kusturica.",,,"SELECCIÓN OFICIAL​

PREMIO CINEMEX COMPETENCIA LOS CABOS:​ American Honey (Dir. Andrea Arnold).

PREMIO CINEMEX – MÉXICO PRIMERO: X500 (Dir. Juan Andrés Arango).

PREMIO DEL PÚBLICO CINEMEX: Bellas de noche (Dir. María José Cuevas).

PREMIO FIPRESCI – MÉXICO PRIMERO &  PREMIO TRAILER ART KINGDOM: Tamara y La Catarina (Dir. Lucía Carreras).

​PREMIO APOYO A LA DISTRIBUCIÓN LABODIGITAL: Donald Cried (Dir. Kris Avedisian).

 

PREMIOS FONDO FÍLMICO ​​​GABRIEL FIGUEROA – CINE EN DESARROLLO

Alicia (Dir. Michael Rowe).

Monsters and Men (Reinaldo M. Green).

Además de los siguientes premios:

PREMIO LCI SEGUROS: La serpiente emplumada (Dir. Alejandro Sugich). 

PREMIO CTT EXP & RENTALS: Alicia (Dir. Michael Rowe).

​

FONDO FÍLMICO ​​​GABRIEL FIGUEROA  – WORK IN PROGRESS

Labodigital otorgó un premio  en servicios de postproducción a los siguientes proyectos:​

The Rosenbergs (Dir. Sophie Barthe).

Nieves (Dir. Alejandra Márquez).

Llueve (Dir. Carolina Corral).

Mics and celluloid (Dir. Carlos Carrera).

Los adioses (Dir. Natalia Beristain).

Los días más oscuros de nosotras (Dir. Astrid Rondero)."
"EDICIÓN 2015
11 AL 15 NOVIEMBRE","En nuestra cuarta edición apostamos por un programa fílmico incluyente, una plataforma de industria fortalecida y por la inclusión de  series de televisión en nuestro programa. Este año se destacó por haber tenido entre sus invitados a grandes personalidades del cine internacional: Jared Leto, Atom Egoyan, Ewan McGregor y Liam Neeson. También por reunir en su programación títulos esperados por el público como The Witch y por celebrar nuevas alianzas: con el Festival de Cannes, THE GOTHAM y el Tribeca Film Institute.","https://static.wixstatic.com/media/589d69_5506525ad6fb4151908636e2f7cc728e~mv2.jpeg/v1/fill/w_536,h_792,al_c,q_85,usm_0.66_1.00_0.01,enc_avif,quality_auto/Poster_2015.jpeg",https://drive.google.com/file/d/170gUwbZqk0ZTw2usTEgXo4YUP1Synw6V/view?usp=sharing,https://www.ficloscabos.org/_files/ugd/589d69_813ab64ab01f40c8a3c9cbcadea28c89.pdf,"SELECCIÓN OFICIAL - COMPETENCIA LOS CABOS
Chronic | Dir. Michel Franco | México, Francia
Desde allá | Dir. Lorenzo Vigas | Venezuela, México
Les êtres chers (Seres queridos) | Dir. Anne Émond | Canadá-Quebec
James White | Dir. Josh Mond | Estados Unidos
Un monstruo de mil cabezas | Dir. Rodrigo Plá | México
Nasty Baby | Dir. Sebastián Silva | Estados Unidos, Chile
Room (La habitación) | Dir. Lenny Abrahamson | Irlanda, Canadá
Sleeping Giant (El gigante dormido) | Dir. Andrew Cividino | Canadá
Tangerine | Dir. Sean Baker | Estados Unidos
 
SELECCIÓN OFICIAL - MÉXICO PRIMERO
Almacenados | Dir. Jack Zagha Kababie | México
La caridad | Dir. Marcelino Islas Hernández | México
Las elegidas | Dir. David Pablos | México, Francia
Sabrás qué hacer conmigo | Dir. Katina Medina Mora | México
Semana Santa | Dir. Alejandra Márquez | México
Te prometo anarquía | Dir. Julio Hernández Cordón | México, Alemania
 
GALAS
Demolition | Dir. Jean-Marc Vallée | Estados Unidos
Remember | Dir. Atom Egoyan | Canadá, Alemania
Carol | Dir. Todd Haynes | Reino Unido, Estados Unidos, Francia
Steve Jobs | Dir. Danny Boyle | Estados Unidos​
 
TRIBUTO A JEAN-MARC VALLÉE
Café de flore | Dir. Jean-Marc Vallée | Canadá, Francia 
C.R.A.Z.Y. | Dir. Jean-Marc Vallée | Canadá
 
TRIBUTO A ALEX ROSS-PERRY
Queen of Earth (La reina del mundo) | Dir. Alex Ross Perry | Estados Unidos
The Color Wheel (La rueda de colores) | Dir. Alex Ross Perry | Canadá
Impolex | Dir. Alex Ross Perry | Estados Unidos
 
WORLD HIGHLIGHTS
45 Years (45 años) | Dir. Andrew Haigh | Reino Unido
El clan | Dir. Pablo Trapero | Argentina, España
El club | Dir. Pablo Larraín | Chile
B-SIDE
Arcade Fire: The Reflektor Tapes | Dir. Kahlil Joseph | Reino Unido
Dope | Dir. Rick Famuyiwa | Estados Unidos
Office | Dir. Johnnie To | China, Hong Kong
 
GREEN
La glace et le ciel (El hielo y el cielo) | Dir. Luc Jacquet | Francia
Ouragan: L'odyssée d'un vent (Huracán: la odisea del viento) | Dir. Cyril Barbancon y Andy Byatt | Francia
Racing Extinction (Carrera por la extinción) | Dir. Louie Psihoyos | Estados Unidos, China, Hong Kong, Indonesia, México, Reino Unido
 
AFTER DARK
Tale of Tales (El cuento de cuentos) | Dir. Matteo Garrone | Italia, Francia, Reino Unido
What We Become | Dir. Bo Mikkelsen | Dinamarca
The Witch (La bruja) | Dir. Robert Eggers | Estados Unidos, Canadá
 
TASTES
Baja Taste: Identidad gastronómica de Baja California | Dir. Roberto Nájera | México
Cooking Up A Tribute | Dir. Luis González | España
Sergio Herman, F***ing Perfect (Sergio Herman, obsesivamente perfecto) | Dir. Willemiek Kluijfhout | Países Bajos
 
AMERICAN SPECIALS
Black Mass (Pacto criminal) | Dir. Scott Cooper | Estados Unidos
The Diary of a Teenage Girl (Diario de una adolescente) | Dir. Marielle Heller | Estados Unidos
El ganzo | Dir. Steve Balderson | Estados Unidos, México
The Hollow Point (Bala expansiva) | Dir. Gonzalo López-Gallego | Estados Unidos
Max Rose | Dir. Daniel Noah | Estados Unidos
 
CABOS TV (PRESENTACIÓN ESPECIAL)
Cromo | Dir. Lucía Puenzo, Nicolás Puenzo y Pablo Fendrik | Argentina","TRIBUTO A JEAN-MARC VALLÉE

Director y productor quebequense, acompañado de sus películas Demolition (2015, Gala Inaugural), C.R.A.Z.Y. (2005) y Café de Flore (2011). 

​

SPOTLIGHT EN ALEX ROSS-PERRY

Cineasta estadounidense, acompañado por sus películas Queen of Earth, The Color Wheel e Impolex

​

LIFETIME ACHIEVEMENT AWARD A EWAN MCGREGOR

Actor y productor escocés, acompañado por la película Last Days in the Desert (2015).",,,"SELECCIÓN OFICIAL

PREMIO CINEMEX MÉXICO PRIMERO & PREMIO FIPRESCI MÉXICO PRIMERO: Te prometo anarquía (Dir. Julio Hernández Cordón).

PREMIO CINEMEX COMPETENCIA LOS CABOS & ​PREMIO DEL PÚBLICO CINEMEX: Room (Dir. Lenny Abrahamson).

PREMIO TRAILER ART KINGDOM: Almacenados (Dir. Jack Zagha). 

PREMIO FOX+ MÉXICO PRIMERO: Semana Santa (Dir. Alejandra Márquez). 

 

​​​PREMIOS FONDO FÍLMICO GABRIEL FIGUEROA – CINE EN DESARROLLO

A flor de piel (Dir. Paulina del Paso).

Árbol (Dir. Pedro García Mejía).

Clases de historia (Dir. Marcelino Islas Hernández).

F. B. I. Franciscos banda internacional (Dir. Gustavo Gamou).

Outside of Prison (Dir. Pau Ortiz).

Rush Hour (Dir. Luciana Kaplan).

Salón de belleza (Dir. Andrea Pallaoro).

​

Además, en esta categoría se entregaron los siguientes premios:

PREMIO CTT EXP & RENTALS: A flor de piel (Dir. Paulina del Paso).

PREMIO LOS CABOS DISCOVERY: Picking Cotton (Dir. Jessica Sanders).

Marché du Film otorgó una acreditación para su programa Producers Network a la productora Mayra Espinosa por Calla  de  Jorge Michel Grau.

PREMIOS ​​​FONDO FÍLMICO GABRIEL FIGUEROA – WORK IN PROGRESS

Los paisajes (Dir. Rodrigo Cervantes).

Somos lengua (Dir. Kyzza Terrazas).

Greywater (Dir. Jeff Unay).

​

Además se entregaron los premios:​

PREMIO CHEMISTRY: Carroña (Dir. Sebastián Hiriart).

PREMIO SPLENDOR OMNIA – MANTARRAYA PRODUCCIONES: Soy Nero (Dir. Rafi Pitts). 

PREMIO FOX+: La habitación (Dirs. Carlos Carrera, Daniel Giménez Cacho, Carlos Bolado, Ernesto Contreras, Alfonso Pineda Ulloa,  Alejandro Valle, Iván Ávila Dueñas y Natalia Beristáin)."
"EDICIÓN 2014
12 AL 16 NOVIEMBRE","Los Cabos logró sobreponerse al paso del devastador Huracán Odile. De la mano de la campaña Los Cabos Unstoppable, El Festival Internacional de Cine de Los Cabos fue el evento que reactivó las actividades, convirtiéndose en la bandera de un destino fuerte y sólido. Al programa fílmico se sumaron las nuevas secciones integradas por cine del mundo, música, medio ambiente y terror. Con una programación conformada por 49 títulos nacionales e internacionales, de los cuales más del 90% tuvieron su estreno en México a través de más de 100 proyecciones durante los 5 días del Festival.","https://static.wixstatic.com/media/589d69_58ff914b509c4fdba2aba848240fa811~mv2.jpeg/v1/fill/w_536,h_792,fp_0.47_0.35,q_85,usm_0.66_1.00_0.01,enc_avif,quality_auto/Poster_2014.jpeg",https://drive.google.com/file/d/1WSDZZr8fq8FUpGNeCjRzuz8INoes9teb/view?usp=sharing,https://www.ficloscabos.org/_files/ugd/589d69_ae80ac74c3214752a198d21ae921956c.pdf,"SELECCIÓN OFICIAL - COMPETENCIA LOS CABOS
3 histoires d'Indiens (3 historias de indios) | Dir. Robert Morin | Canadá-Quebéc
10,000 KM | Dir. Carlos Marques-Marcet | España, Estados Unidos 
A Girl Walks Home Alone at Night (Una chica que por las noches camina sola a casa) | Dir. Ana Lily Amirpour | Estados Unidos, Irán
Güeros | Dir. Alonso Ruizpalacios | México 
Listen Up Philip (Escucha, Philip) | Dir. Alex Ross Perry | Estados Unidos
The Overnighters (Huéspedes continuos) | Dir. Jesse Moss | Estados Unidos
El regreso del muerto | Dir. Gustavo Gamou | México
Tu dors Nicole (Tú duermes, Nicole) | Dir. Stéphane Lafleur | Canadá-Quebéc
Violent | Dir. Andrew Huculiak | Canadá
 
CORTOS
11 de enero | Dir. Fernando Frías de la Parra | México
Hole (Hueco) | Dir. Martin Edrallin | Canadá
The Immaculate Reception (La recepción inmaculada) | Dir. Charlotte Glynn | Estados Unidos
Negro | Dir. Daniel Castro Zimbrón | México 
Nul poisson où aller (Ningún pez dónde ir) | Dir. Nicola Lemay y Janice Nadeau | Canadá-Quebéc
One Year Lease (Contrato por un año) | Dir. Brian Boister | Estados Unidos
Sleeping Giant (El gigante dormido) | Dir. Andrew Clividino | Canadá
El trompetista | Dir. Raúl Morales Reyes | México
Uno de tantos | Dir. Paulina del Paso | México
 
SELECCIÓN OFICIAL - MÉXICO PRIMERO
Asteroide | Dir. Marcelo Tobar | México
Edén | Dir. Elise DuRant | Estados Unidos, México
En la estancia | Dir. Carlos Armelia | México
El incidente | Dir. Isaac Ezban | México 
Llévate mis amores | Dir. Arturo González Villaseñor | México
Summum Bonum (El bien supremo) | Dir. Matías Penachino | Estados Unidos, México
Navajazo | Dir. Ricardo Silva | México
 
GALAS
Wild (Alma Salvaje) | Dir. Jean-Marc Vallée | Estados Unidos
Mommy (Mami) | Dir. Xavier Dolan | Canadá-Québec
Words with Gods (Conversación con los dioses) | Dir. Alex de la Iglesia, Amos Gitai, Bahman Ghobadi, Emir Kusturica, Guillermo Arriaga, Héctor Babenco, Hideo Nakata, Mira Nair y Warwick Thornton | México, Estados Unidos
Boyhood (Boyhood. Momentos de una vida) | Dir. Richard Linklater | Estados Unidos
TRIBUTO A ROGER EBERT
Life Itself (La vida misma) | Dir. Steve James | Estados Unidos
 
TRIBUTO A DENYS ARCAND
Le Règne de la beautè (El reino de la belleza) | Dir. Denys Arcand | Canadá-Quebéc
Les Invasions barbares (Mis últimos días. Las invasiones bárbaras) | Dir. Denys Arcand | Canadá-Quebéc, Francia
 
TRIBUTO A GUILLERMO ARRIAGA
The Burning Plain (Fuego) | Dir. Guillermo Arriaga | Estados Unidos
 
TRIBUTO A ATOM EGOYAN
The Captive (Cautiva) | Dir. Atom Egoyan | Canadá
Exotica (Exótica) | Dir. Atom Egoyan | Canadá
 
WORLD HIGHLIGHTS
Eden (Edén) | Dir. Mia Hansen- Løve | Francia
Kaguyahime no Monogatari (La historia de la princesa Kaguya) | Dir. Isao Takahata | Japón
Kraftidioten (En orden de desaparición) | Dir. Hans Petter Moland | Noruega, Suecia, Dinamarca 
Love is Strange (El amor es raro) | Dir. Ira Sachs | Estados Unidos
 
B-SIDE
20,000 Days On Earth (Veinte mil días en la Tierra) | Dir. Iain Forsyth y Jane Pollard | Reino Unido
For Those About To Rock: La historia de Rodrigo y Gabriela | Dir. Alejandro Franco Fernández | México
God Help the Girl (Que Dios ayude a la chica) | Dir. Stuart Murdoch | Reino Unido
 
GREEN
Just Eat It: A Food Waste Story (Tan sólo cómetelo: una historia de comida desperdiciada) | Dir. Grant Baldwin | Canadá
México pelágico | Dir. Jerónimo Prieto | México
ThuleTuvalu | Dir. Matthias von Gunten | Suiza
 
OCASO
Kuime (Sobre tu cadáver) | Dir. Takashi Miike | Japón
Spring (Primavera) | Dir. Moorhead & Benson | Estados Unidos
What We Do in the Shadows (Lo que hacemos entre las sombras) | Dir. Taika Waititi y Jemaine Clement | Nueva Zelanda, Estados Unidos","TRIBUTO A DENYS ARCAND

Director, guionista y actor quebequense, acompañado de sus películas Le Règne de la Bauté y Les Invasions Barbares.

​

TRIBUTO GUILLERMO ARRIAGA

Guionista y director mexicano, acompañado de su película The Burning Plain.

TRIBUTO PÓSTUMO A ROGER EBERT

Crítico de cine estadounidense al que se le rindió homenaje  póstumo, proyectando el documental Life Itself.

​

TRIBUTO A ATOM EGOYAN

Director y guionista canadiense, acompañado de sus películas The Captive y Exotica.",,,"SELECCIÓN OFICIAL

PREMIO  COMPETENCIA LOS CABOS: Güeros (Dir. Alonso Ruizpalacios).

PREMIO  MÉXICO PRIMERO: Llévate mis amores (Dir. Arturo González Villaseñor). ​

PREMIO FOX+ MÉXICO PRIMERO: El incidente (Dir. Isaac Ezban).

 

PREMIOS FONDO FÍLMICO GABRIEL FIGUEROA – CINE EN DESARROLLO

Coleccionista de sombras (Dir. Viviana García Besné).

Los días más oscuros de nosotras (Dir. Astrid Rondero).

Entrevero (Dir. Max Zunino).

Hombre por hombre (Dir. Marcelo Tobar).

Ojos de mar y tierra (Dir. José Álvarez).

Siete horas (Dir.Chema Rodríguez).

Ya no estoy aquí (Dir. Fernando Frías). 

PREMIOS FONDO FÍLMICO GABRIEL FIGUEROA  – WORK IN PROGRESS

El charro de Toluquilla  (Dir. José Villalobos Romero).

Semana Santa (Dir. Alejandra Márquez Abella).

​

Además, como parte del Fondo Fílmico Gabriel Figueroa, se entregaron los siguientes premios:

PREMIO CHEMISTRY: Los herederos (Dir. Jorge Hernández).

PREMIO FORO DE COPRODUCCIÓN MÉXICO – ESTADOS UNIDOS – CANADÁ: Afronauts (Dir.Nuotama Bodomo).

PREMIO WORK IN PROGRESS MÉXICO FOX+: Sabrás que hacer conmigo (Dir. Katina Medina Mora).

PREMIO BENGALA UANL: Concierto para bestias (Dir. Máximo Roth)."
"EDICIÓN 2013
13 AL 16 NOVIEMBRE","Los Cabos nos dio la bienvenida del 13 al 16 de noviembre para celebrar la segunda edición del Festival. Este año el Festival se redefinió como un evento enfocado al cine de Norteamérica con el objetivo de lograr un intercambio cultural, profesional y comercial entre las industrias cinematográficas de México, Estados Unidos y Canadá. En esta edición nacieron las secciones competitivas Competencia Los Cabos y México Primero dentro de la Selección Oficial. En esta edición se dio inicio a las actividades del Fondo Fílmico Gabriel Figueroa con las secciones de Desarrollo y Work in Progress. Alfombras rojas, conciertos (Café Tacuva) funciones gratuitas, fiestas y galas nos acompañaron en el 2013. ","https://static.wixstatic.com/media/589d69_3f017daa60d34abe9a4574326e3a031d~mv2.jpeg/v1/fill/w_536,h_792,fp_0.50_0.41,q_85,usm_0.66_1.00_0.01,enc_avif,quality_auto/Poster_2013.jpeg",https://drive.google.com/file/d/1iBB7Ruj52eo6efE9tPMP9taux86SDIew/view?usp=sharing,https://www.ficloscabos.org/_files/ugd/589d69_185dc33dca0642109f45b1c10258ebd8.pdf,"SELECCIÓN OFICIAL - COMPETENCIA LOS CABOS
Alphée des étoiles (Alphée de las estrellas) | Dir. Hugo Latulippe | Canadá 
The Dirties (Los Dirties) | Dir. Matt Johnson | Canadá, Estados Unidos
Hide your Smiling Faces (Oculten esas caras sonrientes) | Dir. Daniel Patrick Carbone | Estados Unidos 
Las horas muertas | Dir. Aarón Hernández | México, Francia, España 
I Used to be Darker (Antes yo era más oscura) | Dir. Matt Porterfield | Estados Unidos
Sarah préfère la course (Sarah prefiere correr) | Dir. Chloé Robichaud | Canadá
Short Term 12 | Dir. Destin Daniel Cretton | Estados Unidos 
Who is Dayani Cristal? (¿Quién es Dayani Cristal?) | Dir. Marc Silver | Estados Unidos, México, Reino Unido
 
SELECCIÓN OFICIAL - MÉXICO PRIMERO
Bering. Equilibrio y resistencia | Dir. Lourdes Grobet | México
Cumbres | Dir. Gabriel Nuncio | México
Filosofía natural del amor | Dir. Sebastián Hiriart | México, Costa Rica
Los insólitos peces gato | Dir. Claudia Sainte-Luce | México
LuTo | Dir. Katina Medina Mora | México
La vida después | Dir. David Pablos | México
 
ESTRENOS INTERNACIONALES
Only Lovers Left Alive (Sólo los amantes sobreviven) | Dir. Jim Jarmusch | Estados Unidos
Tom à la ferme (Tom en el granero) | Dir. Xavier Dolan | Canadá, Francia 
Vi är bást! (Somos lo mejor) | Dir. Lukas Moodysson | Suecia 
Wakolda | Dir. Lucía Puenzo | Argentina, Francia, España, Noruega
PRESENTACIONES ESPECIALES
Blackfish | Dir. Gabriela Cowperthwaite | Estados Unidos
Machete Kills | Dir. Robert Rodríguez | Estados Unidos
El objeto antes llamado disco, la película | Dir. Gregory W. Allen | Argentina, Chile, México, Estados Unidos 
 
TRIBUTO A GAEL GARCÍA BERNAL
La science des rêves (La ciencia del sueño) | Dir. Michel Gondry | Francia, Italia
 
¡FELIZ CUMPLEAÑOS, MANTARRAYA!
Alamar | Dir. Pedro González-Rubio | México
Stellet Licht (Luz silenciosa) | Dir. Carlos Reygadas | México, Bélgica, Francia, Alemania
Sangre | Dir. Amat Escalante | México, Francia
 
SPOTLIGHT: PHILIPPE FALARDEAU
Monsieur Lazhar (Señor Lazhar) | Dir. Philippe Falardeau | Canadá
 
GALAS
Metegol | Dir. Juan José Campanela | Argentina, España
Dallas Buyers Club | Dir. Jean-Marc Vallée | Estados Unidos
El charro misterioso | Dir. José Manuel Cravioto | México
Fading Gigolo | Dir. John Turturro | Estados Unidos
Paraíso | Dir. Mariana Chenillo | México
Volando Bajo | Dir. Beto Gómez | México","TRIBUTO A GAEL GARCÍA BERNAL

Actor y realizador mexicano, acompañado de la película La science des rêves de Michel Gondry.

​

SPOTLIGHT EN PHILIPPE FALARDEAU

Director quebequense, acompañado por su película Monsieur Lazhar.

HOMENAJE POR LOS 15 AÑOS DE MANTARRAYA

Compañía productora y distribuidora mexicana. Se proyectaron las películas Alamar de Pedro González Rubio, Stellet LIcht de Carlos Reygadas y Sangre de Amat Escalante.

 

CONVERSACIÓN CON PETER GREENAWAY

Uno de los iconos vivos en la historia del cine. Conversó sobre su película Eisenstein en Guanajuato.",,,"PREMIOS SELECCIÓN OFICIAL
PREMIO  MÉXICO PRIMERO: Los insólitos peces gato (Dir. Claudia Sainte-Luce).

PREMIO  COMPETENCIA LOS CABOS: Sarah préfère la course (Dir. Chloé Robichaud).

PREMIO FOX+ MÉXICO PRIMERO: La vida después (Dir. David Pablos).​

MENCIÓN ESPECIAL: Alphée des Étoliles (Dir. Hugo Latulippe).

​​​

PREMIOS FONDO FÍLMICO GABRIEL FIGUEROA – CINE EN DESARROLLO

Epitafio  (Dir. Yulene Olaizola). 

Operación Baby (Dir. José Luis Valle).

Irekani (Dir. Gabriel Mariño).

Semana Santa (Dir. Alejandra Márquez).

Lisboa (Dir. Pablo Delgado Sánchez).

La raya (Dir. Yolanda Cruz). 

Tempestad (Dir. Tatiana Huezo).

PREMIOS FONDO FÍLMICO GABRIEL FIGUEROA  – WORK IN PROGRESS

El comienzo del tiempo (Dir. Bernardo Arellano).

Edén (Dir. Elise DuRant).

 

En esta categoría también se otorgó una Mención Especial a Los bañistas de Max Zunino; además de los siguientes premios:​

PREMIO WORK IN PROGRESS MÉXICO FOX+: Asteroide (Dir. Marcelo Tobar).

PREMIO SPLENDOR OMNIA MANTARRAYA: El regreso del muerto (Dir. Gustavo Gamou).

PREMIO DOCS FORUM: Plaza de la soledad (Dir. Martha Sosa y Maya Goded).

PREMIO CASETE: Los insólitos peces gatos (Dir. Claudia Sainte- Luce),  LuTo (Dir. Katina Medina Mora) y Bering, equilibrio y resistencia (Dir.Lourdes Grobet).

​PREMIO BENGALA UANL:  Ya no estoy aquí (Dir. Fernando Frías)."
"EDICIÓN 2012
14 AL 17 NOVIEMBRE","Nuestra primera edición se celebró con el nombre Baja International Film Festival. Estuvo conformada por 80 títulos nacionales e internacionales: 5 largometrajes internacionales de ficción, 5 largometrajes mexicanos de ficción, 5 documentales internacionales, 5 documentales mexicanos, 30 cortometrajes internacionales, 13 cortometrajes mexicanos, 4 películas relacionadas con el medio ambiente, así como presentaciones especiales. ","https://static.wixstatic.com/media/589d69_b0d752d3497347d68b131666370ec8d6~mv2.jpeg/v1/fill/w_536,h_792,al_c,q_85,usm_0.66_1.00_0.01,enc_avif,quality_auto/Poster_2012.jpeg",,,,,,,"MEJOR PELÍCULA INTERNACIONAL: No (Dir. Pablo Larraín).
MEJOR DOCUMENTAL MEXICANO: El Alcalde (Dir. Carlos Rossini).
MEJOR DOCUMENTAL INTERNACIONAL: First Position (Dir. Bess Kargman).
MEJOR CORTOMETRAJE INTERNACIONAL: Luminaris (Dir. Juan Pablo Zaramella).
MEJOR DOCUMENTAL MEXICANO: La Revolución De Los Alcatraces (Dir. Luciana Kaplan).

MEJOR CORTOMETRAJE MEXICANO: Yuban (Dir. Yaasib Vázquez Colmenares)."